type,original,capture,local,content_type,status
page,http://www.earacing.com/Home.phtml,20020605052247,home.html,text/html,ok
page,http://www.earacing.com/Account.phtml,20020803081838,Account.html,text/html,ok
page,http://www.earacing.com/Account.phtml?func=cgi_eacustomer_create&do=show,20020803162206,Account__func__cgi_eacustomer_create__do__show.html,text/html,ok
page,http://www.earacing.com/Account.phtml?func=cgi_eacustomer_add_game&do=show,20020803162040,Account__func__cgi_eacustomer_add_game__do__show.html,text/html,ok
page,http://www.earacing.com/Account.phtml?func=cgi_eacustomer_edit&do=show,20020805091831,Account__func__cgi_eacustomer_edit__do__show.html,text/html,ok
page,http://www.earacing.com/Account.phtml?func=cgi_eacustomer_forgot_password&do=show,20020203054021,Account__func__cgi_eacustomer_forgot_password__do__show.html,text/html,ok
page,http://www.earacing.com/FAQ.phtml,20020803163152,FAQ.html,text/html,ok
page,http://www.earacing.com/Rules.phtml,20020811071037,Rules.html,text/html,ok
page,http://www.earacing.com/Feedback.phtml,20020605050441,Feedback.html,text/html,ok
page,http://www.earacing.com/Games.phtml,20020803163558,Games.html,text/html,ok
page,http://www.earacing.com/HighStakes.phtml,20020803164222,HighStakes.html,text/html,ok
page,http://www.earacing.com/PorscheUnleashed.phtml,20021017120416,PorscheUnleashed.html,text/html,ok
page,http://www.earacing.com/HS_UpcomingPatch.phtml,20020204201632,HS_UpcomingPatch.html,text/html,ok
page,http://www.earacing.com/Account.phtml?do=show&func=cgi_eacustomer_create,20020803162206,Account__do__show__func__cgi_eacustomer_create.html,text/html,ok
page,http://www.earacing.com/Account.phtml?do=show&func=cgi_eacustomer_add_game,20020803162040,Account__do__show__func__cgi_eacustomer_add_game.html,text/html,ok
page,http://www.earacing.com/Account.phtml?do=show&func=cgi_eacustomer_edit,20020805091831,Account__do__show__func__cgi_eacustomer_edit.html,text/html,ok
page,http://www.earacing.com/Account.phtml?do=show&func=cgi_eacustomer_forgot_password,20020203054021,Account__do__show__func__cgi_eacustomer_forgot_password.html,text/html,ok
page,http://www.earacing.com/HS_GettingStarted.phtml,20020803224424,HS_GettingStarted.html,text/html,ok
page,http://www.earacing.com/HS_Patches.phtml,20020804002941,HS_Patches.html,text/html,ok
page,http://www.earacing.com/HS_HintsAndTips.phtml,20020803224952,HS_HintsAndTips.html,text/html,ok
page,http://www.earacing.com/HS_Downloads.phtml,20020803223859,HS_Downloads.html,text/html,ok
page,http://www.earacing.com/HS_Demos.phtml,20020803223603,HS_Demos.html,text/html,ok
page,http://www.earacing.com/HS_Cars.phtml,20020803223735,HS_Cars.html,text/html,ok
page,http://www.earacing.com/HS_BMWMCoupe.phtml,20020803220819,HS_BMWMCoupe.html,text/html,ok
page,http://www.earacing.com/HS_BMWMRoadster.phtml,20020803223000,HS_BMWMRoadster.html,text/html,ok
page,http://www.earacing.com/HS_Ferrari360Modena.phtml,20020803224304,HS_Ferrari360Modena.html,text/html,ok
page,http://www.earacing.com/HS_ListerStorm.phtml,20020804003834,HS_ListerStorm.html,text/html,ok
page,http://www.earacing.com/HS_Links.phtml,20021017114116,HS_Links.html,text/html,ok
page,http://www.earacing.com/HS_CarManufacturers.phtml,20020803223126,HS_CarManufacturers.html,text/html,ok
page,http://www.earacing.com/PU_ServerStatus.phtml,20021005005710,PU_ServerStatus.html,text/html,ok
page,http://www.earacing.com/PU_PatchInfo.phtml,20021008000507,PU_PatchInfo.html,text/html,ok
page,http://www.earacing.com/PU_TopRacers.phtml,20021005023422,PU_TopRacers.html,text/html,ok
page,http://www.earacing.com/PU_RatingSystem.phtml,20021007235859,PU_RatingSystem.html,text/html,ok
page,http://www.earacing.com/PU_Top50.phtml,20021205213927,PU_Top50.html,text/html,ok
page,http://www.earacing.com/PU_Tracks.phtml,20021205180159,PU_Tracks.html,text/html,ok
page,http://www.earacing.com/PU_Downloads.phtml,20021008000515,PU_Downloads.html,text/html,ok
page,http://www.earacing.com/HS_PatchArchive.phtml,20020602063209,HS_PatchArchive.html,text/html,ok
asset,http://www.earacing.com/images/Games_blue.gif,20020716205001,images/Games_blue.gif,image/gif,ok
asset,http://www.earacing.com/images/hm_headAccountSetup.jpg,20021018211806,images/hm_headAccountSetup.jpg,image/jpeg,ok
asset,http://www.earacing.com/images/hm_headGames.jpg,20021020014310,images/hm_headGames.jpg,image/jpeg,ok
asset,http://www.earacing.com/images/hs_topbg.jpg,20000818034726,images/hs_topbg.jpg,image/jpeg,ok
asset,http://www.earacing.com/images/rules_grey.gif,20020623062851,images/rules_grey.gif,image/gif,ok
asset,http://www.earacing.com/images/m_cl_top_grey.gif,20020623050243,images/m_cl_top_grey.gif,image/gif,ok
asset,http://www.earacing.com/images/home_grey.gif,20020623030948,images/home_grey.gif,image/gif,ok
asset,http://www.earacing.com/images/blackpix.gif,20021224150607,images/blackpix.gif,image/gif,ok
asset,http://www.earacing.com/images/m_cl_right_grey.gif,20020623043028,images/m_cl_right_grey.gif,image/gif,ok
asset,http://www.earacing.com/images/AccountSetup_grey.gif,20020622181607,images/AccountSetup_grey.gif,image/gif,ok
asset,http://www.earacing.com/images/greyarrow.gif,20020622214548,images/greyarrow.gif,image/gif,ok
asset,http://www.earacing.com/images/m_op_top.gif,20020623055328,images/m_op_top.gif,image/gif,ok
asset,http://www.earacing.com/images/AccountSetup_yellow.gif,20020622184016,images/AccountSetup_yellow.gif,image/gif,ok
asset,http://www.earacing.com/images/yellarrow.gif,20020623071914,images/yellarrow.gif,image/gif,ok
asset,http://www.earacing.com/images/blank.gif,20020622205040,images/blank.gif,image/gif,ok
asset,http://www.earacing.com/images/m_op_bottom.gif,20011222033803,images/m_op_bottom.gif,image/gif,ok
asset,http://www.earacing.com/images/rules_yellow.gif,20020623065633,images/rules_yellow.gif,image/gif,ok
asset,http://www.earacing.com/images/Community_grey.gif,20020622190314,images/Community_grey.gif,image/gif,ok
asset,http://www.earacing.com/images/Games_Grey.gif,20020622192717,images/Games_Grey.gif,image/gif,ok
asset,http://www.earacing.com/images/Games_Yellow.gif,20011222065058,images/Games_Yellow.gif,image/gif,ok
asset,http://www.earacing.com/images/icon-E.gif,20020623033705,images/icon-E.gif,image/gif,ok
asset,http://www.earacing.com/images/earacinglogo.jpg,20020622211901,images/earacinglogo.jpg,image/jpeg,ok
asset,http://www.earacing.com/images/hm_Cars1.jpg,20020622221330,images/hm_Cars1.jpg,image/jpeg,ok
asset,http://www.earacing.com/images/hm_headWelcome.jpg,20020623022044,images/hm_headWelcome.jpg,image/jpeg,ok
asset,http://www.earacing.com/images/hm_Cars2.jpg,20020622224529,images/hm_Cars2.jpg,image/jpeg,ok
asset,http://www.earacing.com/images/hm_Cars4.jpg,20020622231333,images/hm_Cars4.jpg,image/jpeg,ok
asset,http://www.earacing.com/images/hm_Cars5.jpg,20020622233919,images/hm_Cars5.jpg,image/jpeg,ok
asset,http://www.earacing.com/images/hm_Cars6.jpg,20020623000427,images/hm_Cars6.jpg,image/jpeg,ok
asset,http://www.earacing.com/images/hm_Cars7.jpg,20021224184944,images/hm_Cars7.jpg,image/jpeg,ok
asset,http://www.earacing.com/images/hm_Cars8.jpg,20020623010244,images/hm_Cars8.jpg,image/jpeg,ok
asset,http://www.earacing.com/images/checkerbg.jpg,20020712031414,images/checkerbg.jpg,image/jpeg,ok
asset,http://www.earacing.com/images/leftbg.jpg,20020712031757,images/leftbg.jpg,image/jpeg,ok
asset,http://www.earacing.com/images/middlebg.jpg,20020712032357,images/middlebg.jpg,image/jpeg,ok
asset,http://www.earacing.com/images/hm_subOnlineRacingInfo.gif,20020328205032,images/hm_subOnlineRacingInfo.gif,image/gif,ok
asset,http://www.earacing.com/images/mco_logo_big.gif,20020108124312,images/mco_logo_big.gif,image/gif,ok
asset,http://www.earacing.com/patch/NFSHSpatch4_50.exe,20020605052546,patch/NFSHSpatch4_50.exe,application/octet-stream,ok
asset,http://www.earacing.com/images/hm_NFSPULogo.gif,20011223003054,images/hm_NFSPULogo.gif,image/gif,ok
asset,http://www.earacing.com/images/rightbg.jpg,20020712031445,images/rightbg.jpg,image/jpeg,ok
asset,http://www.earacing.com/images/hm_Cars3.jpg,20021018211155,images/hm_Cars3.jpg,image/jpeg,ok
asset,http://www.earacing.com/images/hm_btnContinue.gif,20021209211454,images/hm_btnContinue.gif,image/gif,ok
asset,http://www.earacing.com/images/hm_subAddGame.gif,20021020015409,images/hm_subAddGame.gif,image/gif,ok
asset,http://www.earacing.com/images/hm_subEditAccount.gif,20021019232940,images/hm_subEditAccount.gif,image/gif,ok
asset,http://www.earacing.com/images/hm_btnGetPassword.gif,20011027161731,images/hm_btnGetPassword.gif,image/gif,ok
asset,http://www.earacing.com/images/hm_headRulesOfTheRoad.jpg,20021020015006,images/hm_headRulesOfTheRoad.jpg,image/jpeg,ok
asset,http://www.earacing.com/images/hm_subFAQ.gif,20021021141048,images/hm_subFAQ.gif,image/gif,ok
asset,http://www.earacing.com/images/hm_subConductPolicy.gif,20021020015906,images/hm_subConductPolicy.gif,image/gif,ok
asset,http://www.earacing.com/images/hm_headCommunity.jpg,20020417210711,images/hm_headCommunity.jpg,image/jpeg,ok
asset,http://www.earacing.com/images/m_cl_top_blue.gif,20020423201816,images/m_cl_top_blue.gif,image/gif,ok
asset,http://www.earacing.com/images/OnlineRacing_blue.gif,20020716151443,images/OnlineRacing_blue.gif,image/gif,ok
asset,http://www.earacing.com/images/bluearrow.gif,fallback,images/bluearrow.gif,application/octet-stream,fallback
asset,http://www.earacing.com/images/m_cl_right_blue.gif,20020716174352,images/m_cl_right_blue.gif,image/gif,ok
asset,http://www.earacing.com/images/m_cl_bottom_blue.gif,20020716173441,images/m_cl_bottom_blue.gif,image/gif,ok
asset,http://www.earacing.com/images/OnlineRacing_yellow.gif,20020716152442,images/OnlineRacing_yellow.gif,image/gif,ok
asset,http://www.earacing.com/images/AccountSetup_blue.gif,20020716202113,images/AccountSetup_blue.gif,image/gif,ok
asset,http://www.earacing.com/images/Downloads_blue.gif,20020716203907,images/Downloads_blue.gif,image/gif,ok
asset,http://www.earacing.com/images/Downloads_yellow.gif,20020716204553,images/Downloads_yellow.gif,image/gif,ok
asset,http://www.earacing.com/images/Links_blue.gif,20020423170924,images/Links_blue.gif,image/gif,ok
asset,http://www.earacing.com/images/Links_yellow.gif,20020716151302,images/Links_yellow.gif,image/gif,ok
asset,http://www.earacing.com/images/Community_blue.gif,20020716202829,images/Community_blue.gif,image/gif,ok
asset,http://www.earacing.com/images/hs_NFSLogo.jpg,20020716163425,images/hs_NFSLogo.jpg,image/jpeg,ok
asset,http://www.earacing.com/images/hs_earacinglogo.jpg,20020716172131,images/hs_earacinglogo.jpg,image/jpeg,ok
asset,http://www.earacing.com/images/hs_cars1.jpg,20021219151203,images/hs_cars1.jpg,image/jpeg,ok
asset,http://www.earacing.com/images/hs_headOnlineRacing.jpg,20020716173414,images/hs_headOnlineRacing.jpg,image/jpeg,ok
asset,http://www.earacing.com/images/hs_cars2.jpg,20020716164704,images/hs_cars2.jpg,image/jpeg,ok
asset,http://www.earacing.com/images/hs_cars3.jpg,20020716165453,images/hs_cars3.jpg,image/jpeg,ok
asset,http://www.earacing.com/images/hs_cars4.jpg,20020716165741,images/hs_cars4.jpg,image/jpeg,ok
asset,http://www.earacing.com/images/hs_cars5.jpg,20020716170131,images/hs_cars5.jpg,image/jpeg,ok
asset,http://www.earacing.com/images/hs_cars6.jpg,20020716170827,images/hs_cars6.jpg,image/jpeg,ok
asset,http://www.earacing.com/images/hs_cars7.jpg,fallback,images/hs_cars7.jpg,application/octet-stream,fallback
asset,http://www.earacing.com/images/hs_cars8.jpg,20020716171620,images/hs_cars8.jpg,image/jpeg,ok
asset,http://www.earacing.com/images/hs_leftbg.jpg,20010808202617,images/hs_leftbg.jpg,image/jpeg,ok
asset,http://www.earacing.com/images/hs_middlebg.jpg,20010808202349,images/hs_middlebg.jpg,image/jpeg,ok
asset,http://www.earacing.com/images/hs_subWelcome.gif,20020608000722,images/hs_subWelcome.gif,image/gif,ok
asset,http://www.earacing.com/images/hs_rightbg.jpg,20010808202813,images/hs_rightbg.jpg,image/jpeg,ok
asset,http://www.earacing.com/images/m_cl_top_green.gif,20020423202304,images/m_cl_top_green.gif,image/gif,ok
asset,http://www.earacing.com/images/OnlineRacing_green.gif,20020716151900,images/OnlineRacing_green.gif,image/gif,ok
asset,http://www.earacing.com/images/greenarrow.gif,20020716162401,images/greenarrow.gif,image/gif,ok
asset,http://www.earacing.com/images/m_cl_right_green.gif,20020423201419,images/m_cl_right_green.gif,image/gif,ok
asset,http://www.earacing.com/images/m_cl_bottom_green.gif,20020716173944,images/m_cl_bottom_green.gif,image/gif,ok
asset,http://www.earacing.com/images/TopRacers_green.gif,20020423183655,images/TopRacers_green.gif,image/gif,ok
asset,http://www.earacing.com/images/TopRacers_yellow.gif,20020716161052,images/TopRacers_yellow.gif,image/gif,ok
asset,http://www.earacing.com/images/AccountSetup_green.gif,20020716202521,images/AccountSetup_green.gif,image/gif,ok
asset,http://www.earacing.com/images/Downloads_green.gif,20020716204104,images/Downloads_green.gif,image/gif,ok
asset,http://www.earacing.com/images/Games_green.gif,20020716205403,images/Games_green.gif,image/gif,ok
asset,http://www.earacing.com/images/m_cl_top_yellow.gif,20001002080350,images/m_cl_top_yellow.gif,image/gif,ok
asset,http://www.earacing.com/images/m_cl_bottom_yellow.gif,20050226043159,images/m_cl_bottom_yellow.gif,text/html,ok
asset,http://www.earacing.com/images/pu_topbg.jpg,20020324225805,images/pu_topbg.jpg,image/jpeg,ok
asset,http://www.earacing.com/images/pu_NFSlogo.jpg,20020716181407,images/pu_NFSlogo.jpg,image/jpeg,ok
asset,http://www.earacing.com/images/pu_earacinglogo.jpg,20020716182024,images/pu_earacinglogo.jpg,image/jpeg,ok
asset,http://www.earacing.com/images/PU_Cars1.jpg,20020716152732,images/PU_Cars1.jpg,image/jpeg,ok
asset,http://www.earacing.com/images/PU_headOnlineRacing.jpg,20020716160157,images/PU_headOnlineRacing.jpg,image/jpeg,ok
asset,http://www.earacing.com/images/PU_Cars3.jpg,20020716153815,images/PU_Cars3.jpg,image/jpeg,ok
asset,http://www.earacing.com/images/PU_Cars4.jpg,20020716154058,images/PU_Cars4.jpg,image/jpeg,ok
asset,http://www.earacing.com/images/PU_Cars5.jpg,20020716154643,images/PU_Cars5.jpg,image/jpeg,ok
asset,http://www.earacing.com/images/PU_Cars6.jpg,20020423180809,images/PU_Cars6.jpg,image/jpeg,ok
asset,http://www.earacing.com/images/PU_Cars7.jpg,20020329045020,images/PU_Cars7.jpg,image/jpeg,ok
asset,http://www.earacing.com/images/PU_Cars8.jpg,20020329045201,images/PU_Cars8.jpg,image/jpeg,ok
asset,http://www.earacing.com/images/pu_leftbg.jpg,20020324230029,images/pu_leftbg.jpg,image/jpeg,ok
asset,http://www.earacing.com/images/pu_middlebg.jpg,20020324225637,images/pu_middlebg.jpg,image/jpeg,ok
asset,http://www.earacing.com/images/PU_subWelcome.gif,20021019232309,images/PU_subWelcome.gif,image/gif,ok
asset,http://www.earacing.com/images/pu_rightbg.jpg,20020324225938,images/pu_rightbg.jpg,image/jpeg,ok
asset,http://www.earacing.com/images/HS_subPatchInfo.gif,20020716145712,images/HS_subPatchInfo.gif,image/gif,ok
asset,http://www.earacing.com/images/HS_subGettingStarted.gif,20020718211051,images/HS_subGettingStarted.gif,image/gif,ok
asset,http://www.earacing.com/images/HS_subHintsAndTips.gif,20020718211924,images/HS_subHintsAndTips.gif,image/gif,ok
asset,http://www.earacing.com/images/hs_headDownloads.jpg,20020716172544,images/hs_headDownloads.jpg,image/jpeg,ok
asset,http://www.earacing.com/images/HS_subNFSHSDemo.gif,20020718212551,images/HS_subNFSHSDemo.gif,image/gif,ok
asset,http://www.earacing.com/images/HS_subCars.gif,20011224072517,images/HS_subCars.gif,image/gif,ok
asset,http://www.earacing.com/images/cars_bmwmc_01.jpg,20011224073815,images/cars_bmwmc_01.jpg,image/jpeg,ok
asset,http://www.earacing.com/images/cars_bmwmc_02.jpg,20020424211004,images/cars_bmwmc_02.jpg,image/jpeg,ok
asset,http://www.earacing.com/images/cars_bmwmc_03.jpg,20020718222003,images/cars_bmwmc_03.jpg,image/jpeg,ok
asset,http://www.earacing.com/images/DL_flag_us.gif,20020718205736,images/DL_flag_us.gif,image/gif,ok
asset,http://www.earacing.com/images/DL_flag_uk.gif,20020718204521,images/DL_flag_uk.gif,image/gif,ok
asset,http://www.earacing.com/images/DL_flag_ge.gif,20020718201211,images/DL_flag_ge.gif,image/gif,ok
asset,http://www.earacing.com/images/DL_flag_sp.gif,20020718203233,images/DL_flag_sp.gif,image/gif,ok
asset,http://www.earacing.com/images/DL_flag_it.gif,20020718202537,images/DL_flag_it.gif,image/gif,ok
asset,http://www.earacing.com/images/DL_flag_sw.gif,20020718203756,images/DL_flag_sw.gif,image/gif,ok
asset,http://www.earacing.com/images/cars_bmwmr_01.jpg,20030413104557,images/cars_bmwmr_01.jpg,image/jpeg,ok
asset,http://www.earacing.com/images/cars_bmwmr_02.jpg,20011224075107,images/cars_bmwmr_02.jpg,image/jpeg,ok
asset,http://www.earacing.com/images/cars_bmwmr_03.jpg,20020718223833,images/cars_bmwmr_03.jpg,image/jpeg,ok
asset,http://www.earacing.com/images/cars_fmod_01.jpg,20020718224450,images/cars_fmod_01.jpg,image/jpeg,ok
asset,http://www.earacing.com/images/cars_fmod_02.jpg,fallback,images/cars_fmod_02.jpg,application/octet-stream,fallback
asset,http://www.earacing.com/images/cars_fmod_03.jpg,20020718225523,images/cars_fmod_03.jpg,image/jpeg,ok
asset,http://www.earacing.com/images/cars_lstorm_01.jpg,20020718230301,images/cars_lstorm_01.jpg,image/jpeg,ok
asset,http://www.earacing.com/images/cars_lstorm_02.jpg,20020718231120,images/cars_lstorm_02.jpg,image/jpeg,ok
asset,http://www.earacing.com/images/cars_lstorm_03.jpg,20020718231550,images/cars_lstorm_03.jpg,image/jpeg,ok
asset,http://www.earacing.com/images/hs_headLinks.jpg,20011212202402,images/hs_headLinks.jpg,image/jpeg,ok
asset,http://www.earacing.com/images/HS_subCarManufacturers.gif,20020718210428,images/HS_subCarManufacturers.gif,image/gif,ok
asset,http://www.earacing.com/images/bmw.gif,20020718214418,images/bmw.gif,image/gif,ok
asset,http://www.earacing.com/images/ferrari.gif,20020718232733,images/ferrari.gif,image/gif,ok
asset,http://www.earacing.com/images/jaguar.gif,20011212203230,images/jaguar.gif,image/gif,ok
asset,http://www.earacing.com/images/lamborg.gif,20011212203510,images/lamborg.gif,image/gif,ok
asset,http://www.earacing.com/images/mercedes.gif,20020718235614,images/mercedes.gif,image/gif,ok
asset,http://www.earacing.com/images/mclaren.gif,20020817075911,images/mclaren.gif,image/gif,ok
asset,http://www.earacing.com/images/pontiac.gif,20020817085535,images/pontiac.gif,image/gif,ok
asset,http://www.earacing.com/images/porsche.gif,20020719000557,images/porsche.gif,image/gif,ok
asset,http://www.earacing.com/images/PU_subPatchInfo.gif,fallback,images/PU_subPatchInfo.gif,application/octet-stream,fallback
asset,http://www.earacing.com/images/hm_btnSubmit.gif,20020716163107,images/hm_btnSubmit.gif,image/gif,ok
asset,http://www.earacing.com/images/PU_headDownloads.jpg,20020718213023,images/PU_headDownloads.jpg,image/jpeg,ok
